id,first_name,last_name,email,gender,ip_address
1,Esma,Minkin,eminkin0@cnn.com,Bigender,29.167.47.203
2,Lurlene,Pearlman,lpearlman1@soundcloud.com,Genderfluid,234.127.254.118
3,Anya,Ambrozik,aambrozik2@wix.com,Polygender,91.220.176.215
4,Staffard,Matushevitz,smatushevitz3@dell.com,Female,221.123.102.89
5,Sue,Moralee,smoralee4@amazon.co.uk,Polygender,214.109.183.21
6,Hobart,Sikorski,hsikorski5@marketwatch.com,Genderfluid,123.42.173.36
7,Dionis,Ellaway,dellaway6@ihg.com,Agender,160.191.114.104
8,Madlin,Masser,mmasser7@berkeley.edu,Male,247.35.99.142
9,Judi,Sneesbie,jsneesbie8@blogspot.com,Genderqueer,203.64.101.144
10,Richard,Teas,rteas9@hugedomains.com,Female,238.52.225.96
11,Barbabra,Forrester,bforrestera@tiny.cc,Non-binary,150.20.126.170
12,Appolonia,St Angel,astangelb@latimes.com,Agender,185.251.56.218
13,Murvyn,Brocklesby,mbrocklesbyc@squarespace.com,Bigender,218.216.145.85
14,Chrisy,Grogor,cgrogord@sciencedaily.com,Genderqueer,57.236.49.246
15,Guthrie,McLaine,gmclainee@vinaora.com,Genderfluid,24.54.235.59
16,Fairlie,Tomaskov,ftomaskovf@google.cn,Genderqueer,167.55.75.179
17,Zacherie,Marshal,zmarshalg@china.com.cn,Male,57.247.58.229
18,Lurette,Brookson,lbrooksonh@indiatimes.com,Polygender,174.225.82.162
19,Janek,Sherwen,jsherweni@wikipedia.org,Genderfluid,5.207.50.63
20,Roldan,Giddens,rgiddensj@4shared.com,Agender,83.214.123.30
21,Sallyanne,Chamberlin,schamberlink@drupal.org,Male,238.20.154.223
22,Donni,Hume,dhumel@jugem.jp,Agender,244.106.222.248
23,Dalia,MacCarrane,dmaccarranem@sakura.ne.jp,Genderqueer,175.21.192.25
24,Prudi,O'Lagene,polagenen@paginegialle.it,Bigender,87.79.178.56
25,Florri,Muzzi,fmuzzio@army.mil,Male,111.221.110.19